cfg,day,dir,kind,anchorTime,entryTime,entryPx,slDist,exitTime,exitPx,reason,gross,pts
tf5 oi=none maxTrades=1 tgt30/sl10 ohlc,2026-09-09,LONG,breakout,10:15,10:20,23729,10,10:24,23759,TGT,30,29.5
tf5 oi=none maxTrades=1 tgt30/sl10 ohlc,2026-09-10,SHORT,bounce,10:45,10:51,23624.95,10,11:12,23634.95,SL,-10,-10.5
tf5 oi=none maxTrades=1 tgt30/sl10 ohlc,2026-09-11,LONG,bounce,11:05,11:10,23463.85,10,11:13,23493.85,TGT,30,29.5
tf5 oi=none maxTrades=1 tgt30/sl10 ohlc,2026-09-15,SHORT,breakout,10:40,10:46,23479.95,10,11:03,23489.95,SL,-10,-10.5
tf5 oi=none maxTrades=1 tgt30/sl10 ohlc,2026-09-17,SHORT,breakout,10:40,10:45,23407.85,10,10:57,23417.85,SL,-10,-10.5
tf5 oi=none maxTrades=1 tgt30/sl10 ohlc,2026-09-18,SHORT,breakout,10:20,10:26,23439.95,10,11:52,23449.95,SL,-10,-10.5
tf5 oi=none maxTrades=1 tgt30/sl10 ohlc,2026-09-22,SHORT,breakout,10:25,10:30,23540.65,10,10:41,23510.65,TGT,30,29.5
tf5 oi=none maxTrades=1 tgt30/sl10 ohlc,2026-09-23,LONG,breakout,10:15,10:20,23519.5,10,10:25,23509.5,SL,-10,-10.5
tf5 oi=none maxTrades=1 tgt30/sl10 ohlc,2026-09-24,SHORT,bounce,10:10,10:15,23321.45,10,10:20,23331.45,SL,-10,-10.5
tf5 oi=none maxTrades=1 tgt30/sl10 ohlc,2026-09-25,SHORT,breakout,10:30,10:35,23183.95,10,10:39,23193.95,SL,-10,-10.5
tf5 oi=none maxTrades=1 tgt30/sl10 ohlc,2026-09-28,SHORT,bounce,11:00,11:10,22949.95,10,11:30,22959.95,SL,-10,-10.5
tf5 oi=none maxTrades=1 tgt30/sl10 ohlc,2026-09-29,SHORT,bounce,11:00,11:05,22750.95,10,11:07,22760.95,SL,-10,-10.5
tf5 oi=none maxTrades=1 tgt30/sl10 ohlc,2026-09-30,SHORT,breakout,10:30,10:35,22821.25,10,10:36,22831.25,SL,-10,-10.5
tf5 oi=none maxTrades=1 tgt30/sl10 ohlc,2026-10-05,SHORT,breakout,10:20,10:25,22623.95,10,10:26,22593.95,TGT,30,29.5
tf5 oi=none maxTrades=1 tgt30/sl10 worst,2026-09-09,LONG,breakout,10:15,10:20,23729,10,10:24,23759,TGT,30,29.5
tf5 oi=none maxTrades=1 tgt30/sl10 worst,2026-09-10,SHORT,bounce,10:45,10:51,23624.95,10,11:12,23634.95,SL,-10,-10.5
tf5 oi=none maxTrades=1 tgt30/sl10 worst,2026-09-11,LONG,bounce,11:05,11:10,23463.85,10,11:13,23493.85,TGT,30,29.5
tf5 oi=none maxTrades=1 tgt30/sl10 worst,2026-09-15,SHORT,breakout,10:40,10:46,23479.95,10,11:03,23489.95,SL,-10,-10.5
tf5 oi=none maxTrades=1 tgt30/sl10 worst,2026-09-17,SHORT,breakout,10:40,10:45,23407.85,10,10:57,23417.85,SL,-10,-10.5
tf5 oi=none maxTrades=1 tgt30/sl10 worst,2026-09-18,SHORT,breakout,10:20,10:26,23439.95,10,11:52,23449.95,SL,-10,-10.5
tf5 oi=none maxTrades=1 tgt30/sl10 worst,2026-09-22,SHORT,breakout,10:25,10:30,23540.65,10,10:41,23510.65,TGT,30,29.5
tf5 oi=none maxTrades=1 tgt30/sl10 worst,2026-09-23,LONG,breakout,10:15,10:20,23519.5,10,10:25,23509.5,SL,-10,-10.5
tf5 oi=none maxTrades=1 tgt30/sl10 worst,2026-09-24,SHORT,bounce,10:10,10:15,23321.45,10,10:20,23331.45,SL,-10,-10.5
tf5 oi=none maxTrades=1 tgt30/sl10 worst,2026-09-25,SHORT,breakout,10:30,10:35,23183.95,10,10:39,23193.95,SL,-10,-10.5
tf5 oi=none maxTrades=1 tgt30/sl10 worst,2026-09-28,SHORT,bounce,11:00,11:10,22949.95,10,11:30,22959.95,SL,-10,-10.5
tf5 oi=none maxTrades=1 tgt30/sl10 worst,2026-09-29,SHORT,bounce,11:00,11:05,22750.95,10,11:07,22760.95,SL,-10,-10.5
tf5 oi=none maxTrades=1 tgt30/sl10 worst,2026-09-30,SHORT,breakout,10:30,10:35,22821.25,10,10:36,22831.25,SL,-10,-10.5
tf5 oi=none maxTrades=1 tgt30/sl10 worst,2026-10-05,SHORT,breakout,10:20,10:25,22623.95,10,10:26,22593.95,TGT,30,29.5